{
    "Metadata": {
        "Type": "Character"
    },
    "Components": [
        {
            "Entity": 2,
            "Component": {
                "Charater_Name": "Character_1",
                "Color": [
                    0.769911527633667,
                    0.2078080028295517,
                    0.2078080028295517
                ],
                "IsInCombat": false,
                "Weapon_Ids": [
                    4,
                    5
                ],
                "Charater_Stats": [
                    100,
                    16,
                    10,
                    1,
                    5,
                    10,
                    10,
                    10,
                    10,
                    0,
                    0,
                    0,
                    0
                ],
                "Actions": [
                    6,
                    9,
                    11,
                    8,
                    7
                ]
            }
        },
        {
            "Entity": 3,
            "Component": {
                "Charater_Name": "Character_2",
                "Color": [
                    0.14644844830036164,
                    0.5270611643791199,
                    0.752212405204773
                ],
                "IsInCombat": false,
                "Weapon_Ids": [
                    4,
                    5
                ],
                "Charater_Stats": [
                    100,
                    12,
                    6,
                    1,
                    6,
                    0,
                    0,
                    0,
                    0,
                    0,
                    0,
                    0,
                    0
                ],
                "Actions": [
                    7,
                    8,
                    11,
                    6,
                    9
                ]
            }
        }
    ]
}