{
    "Metadata": {
        "Type": "Character"
    },
    "Components": [
        {
            "Entity": 4,
            "Component": {
                "Charater_Name": "Test Character",
                "Color": [
                    0.6017699241638184,
                    0.255619078874588,
                    0.255619078874588
                ],
                "IsInCombat": false,
                "Weapon_Ids": [
                    7
                ],
                "Charater_Stats": [
                    10,
                    4,
                    15,
                    4,
                    4,
                    0,
                    0,
                    0,
                    0,
                    0,
                    0,
                    0,
                    0
                ],
                "Actions": [
                    2,
                    5
                ]
            }
        },
        {
            "Entity": 3,
            "Component": {
                "Charater_Name": "Lousy",
                "Color": [
                    0.12246669083833695,
                    0.7639580965042114,
                    0.7773972749710083
                ],
                "IsInCombat": false,
                "Weapon_Ids": [],
                "Charater_Stats": [
                    1,
                    1,
                    16,
                    1,
                    1,
                    0,
                    0,
                    0,
                    0,
                    0,
                    0,
                    0,
                    0
                ],
                "Actions": [
                    2,
                    5
                ]
            }
        },
        {
            "Entity": 57,
            "Component": {
                "Charater_Name": "Soldier B",
                "Color": [
                    0.3298790752887726,
                    0.15846078097820283,
                    0.784246563911438
                ],
                "IsInCombat": false,
                "Weapon_Ids": [
                    7,
                    51
                ],
                "Charater_Stats": [
                    5,
                    5,
                    5,
                    5,
                    5,
                    0,
                    0,
                    0,
                    0,
                    0,
                    0,
                    0,
                    0
                ],
                "Actions": [
                    2,
                    5
                ]
            }
        }
    ]
}